Model,Accuracy,Precision,Recall,F1-Score,ROC-AUC
XGBoost,0.8866849422361465,0.6188118811881188,0.06322711178553364,0.11473152822395595,0.7592539116205803
Neural Network,0.8854317603289602,0.6626016260162602,0.02748271792277862,0.052776428687064926,0.7577135899773334
Logistic Regression,0.885275112590562,0.608433734939759,0.03405833754847412,0.06450582787801373,0.7531064398846032
Random Forest,0.884452711963971,0.8260869565217391,0.0064070139942674085,0.01271540906809436,0.7527739350418183
Decision Tree,0.8848834932445663,0.6262135922330098,0.02175012645422357,0.04204008473195372,0.7159499519140206
