Model,Accuracy,Precision,Recall,F1-Score,ROC-AUC
XGBoost,0.8866849422361465,0.6188118811881188,0.06322711178553364,0.11473152822395595,0.7592539116205803
Neural Network,0.8849813980810652,0.6993006993006993,0.01686056314280897,0.032927230819888055,0.7586165166680163
LightGBM,0.886724104170746,0.6204620462046204,0.06339571741696173,0.11503747896588651,0.757956499149451
Logistic Regression,0.885275112590562,0.608433734939759,0.03405833754847412,0.06450582787801373,0.7531064398846032
